id_entidad,id_categoria,Valor_PM10,Valor_PM25,Valor_SO2,Valor_CO,Valor_NOX,Valor_COT,Valor_COV,Valor_NH3,Valor_CN,Valor_TOX,Valor_CO2,Valor_CH4,Valor_N2O,Valor_CO2eq,Valor_HFC,id_unidad
1,1,117.10119238314,75.4522764142477,5.77324754455791,104.707448155679,144.744326515529,491.180976718861,397.551031346979,2.3877017925196,22.5531755845483,79.7663316374419,132902.622279219,2.90370505101765,0.267937016013295,133070.133329891,0.0084,1
1,2,12.7714920114519,8.47595063168168,0.65231752876658,71.3273050023274,74.7796079091145,106.629508556893,100.62695164997,3.46645310992742,3.23739552922758,2.66945520006605,153900.073779022,2.62737370774233,0.262737370774234,154043.293634894,0.00000714,1
1,3,3.25048023495931,3.21075864995738,0.629157214449986,23.8584171517456,24.6179853255922,618.350360499414,598.047857259885,0.537540787336533,0.626671311674362,41.4223397833089,26088.7368388318,0.489475098931282,0.0537739955182086,26116.6922504142,0,1
1,4,0.0164762272,0.0164762272,0.00141251285425177,0.202525639101421,0.2993059408,0.02939468504,0.01582008442384,0.0063140864,0.00649858279686951,0.0035538426055608,367.745093918974,0.00635554291475395,0.000635554291475395,368.091471007828,0,1
1,5,0.326225923116076,0.316076923116076,0.244517027471963,2.11630692864911,3.761157311568,0.407474276744,0.313038568286384,0.043866697728,0.120322372976354,0.173392776656617,4014.14473453896,0.101567553455996,0.012325566990059,4020.2549012881,0,1
1,6,0.23260952594688,0.23260952594688,0.0000342535864804399,0.00870613092,0.0152809176,2.27355416788,2.27314630045048,0,0.000110892,0.294320707765268,15.1253189362575,0.000239703945107093,0.0000239703945107093,15.1383828012659,0,1
1,7,0.379912434354,0.000111528096,0.00095403552,0.000671856,0.002687424,16.5121216350657,14.1221798546466,0.00010749696,0.0000167292144,11.4850568171594,2.98261328039619,0.000120753574105109,0.0000241507148210218,2.9923943198987,0,1
1,8,8.41997795791535,7.32658754025998,0.626036362268494,23.9433755275658,31.160741652012,335.496668080317,313.924673480762,0.93573037056,0.995431443378911,113.758373553774,38019.4744326235,0.821163390447467,0.534058124468866,38183.9924105402,0,1
1,9,8.44429050564086,8.20720789499494,0.654672257361999,6.67884224519088,8.50191794695075,4404.89189501304,4311.41715890388,0.102277565952,1.87613106488296,2555.73077282752,9593.12099072472,0.202313207660882,0.0161767126541431,9899.42458939258,0.0756,1
1,10,4.7234543316966,2.96793931272209,0.261548499438684,15.0767140639827,5.7157694587736,0.646918559676,0.347364189956,0.0489032960512,0.0940011344951705,0.256268587260283,3203.46927995933,0.279033828298801,0.00523542148155995,3212.66961384431,0,1
1,11,55.7715244578845,30.0987989535071,2.59462690159485,59.7703317039021,95.310598286112,1748.53913570935,1737.54023171489,2.0916941692416,4.02365927423978,411.870703428618,129355.875041675,2.27496794446326,1.92673949393026,129930.160110011,0,1
1,12,10.609808763299,9.43529728914596,0.574465773767606,13.7189543900965,23.1301036298326,634.155708685134,631.894953938448,0.41538296714752,0.995896758281891,192.102221665257,23778.8974213527,0.559804240393786,0.181471161893122,23842.6617979854,0,1
1,13,418.766010282299,294.288258686063,0.218955792128073,15.9921320361419,476.432643970407,244.363169408592,210.07398943982,0.5440282416,11.3411697297555,151.654780393045,24307.7182391954,0.444980517888019,0.369920597482691,24418.2066520292,0,1
1,14,33.9263773530283,25.7780883071751,0.164994716372468,21.49948216124,32.8751477672,64.78661765228,62.8220341144583,0.504269856,0.84684745880067,66.0922737758665,33078.1489422674,0.577193036652129,1.30342511152431,33439.7180018476,0,1
1,15,6.35245939562516,5.33732067900856,1.67766742151838,11.744674330545,16.5471835928622,503.316383904622,460.835236807574,0.327688780519424,0.531690602197072,267.477383007489,19488.5341378262,0.344685828984049,0.165562338365134,19542.0593607045,0,1
1,16,0.447698131350786,0.411698131350786,1.14072128618032,5.9397790142132,4.88414607464,4.4834871305199,4.16637104803173,0.1572376576,0.120955161240028,0.645428661524861,6124.79163167864,0.497815826794213,0.0305901215785952,6146.83685704721,0,1
1,17,0.010759925824,0.010759925824,0.00147655859129075,0.353174954664,0.60457305712,1.159959082696,1.13765470894418,0.001033223168,0.00509530992922737,1.11546327259123,610.114913879372,0.00975534645088926,0.000975534645088926,610.646580260946,0,1
1,18,25.1847050837551,22.4923066221889,0.213502532680445,10.6958179091691,13.3443487530191,423.688718024532,422.751684110468,0.239308965393438,0.415764876517244,278.072573462497,14096.6291718539,0.260167511243673,0.117952851128232,14135.1713677177,0,1
1,19,11.40385930328,8.76689169693043,0.0488685647283633,7.6869484012448,17.72684187696,1068.43235036004,1013.66179553,0.2074408512,0.445528009761319,513.334754678917,15401.2788509684,0.335266590766812,0.571639485277369,15562.1507791084,0,1
1,20,7.51778939164416,7.25997182306658,0.0288749861031887,2.33297770866134,3.49300251309,84.3744013129772,79.9070369066772,0.0346312192,0.215172079483412,46.3309610906109,3886.90461504594,0.0659281779791827,0.00645892321504764,3890.46221868135,0,1
1,21,24.4722515924224,20.2144678517707,0.554496221555253,3.37505240028842,2.6956013329944,850.563202995431,806.373292145969,0.0669490227712,0.493765706662879,188.448668222931,3604.27360818052,0.0888992663382975,0.00912172171562161,3609.18004389263,0,1
1,22,31.3467,31.3467,0.5162,149.203,836.76174,37.0305,32.6313,0,12.0371328001453,5.554575,54373.2404,4.2509,1.4829,54885.2341,0,1
1,23,0.020420124624,0.015693243924,0.0128515915860668,0.0701504572904471,0.377862456,0.0107915106768,0.0089353708403904,0.01512601824,0.0023539865886,0.00690082178136,419.633739364655,0.0172861495870278,0.0033978440434385,421.018180224603,0,1
1,24,108.582006226429,99.798201777684,76.1476970130132,353.931688201238,379.083479913699,1835.2211744551,1792.68786995605,4.89132478286942,39.441687637534,1119.66315402587,379238.43110442,30.2176779380797,1.1126823517495,380464.93547798,0.048339068,1
1,25,0.0014,0.0004,0.0081,0.0071,0.0285,293.197204900197,293.162667607704,0.0011,0.00006,119.181961258691,31.7526,0.0001,0.0004,31.8614,0,1
1,26,0,0,0,0,0,7877.8181664,7247.59271308801,0,0,3926.30457413376,0,12489.5255503997,86.6995742266971,372682.102581267,0,1
1,27,35.907004379562,34.046784,2.127924,360.4703256,12.767544,118.065735216,95.509740816,3.238700328,2.5535088,73.3840745941589,6817.868496,16.89571656,0,7290.94855968,0,1
1,28,0,0,0,1.80500655228469,0,3791.05061276925,95.7094129244958,0,0,25.4025793634903,0,3695.05320762933,0,103461.489813621,0,1
1,29,0,0,0,0,0,0,0,0,0,0,0,3142.05,0,87977.4,0,1
1,30,0,0,0,12.63808,0,55.605560238592,55.605560238592,14.89488,0,0,0,90.61052,7.44744,4510.66616,0,1
1,31,0,0,0,0,0,1306.4478336,1201.932006912,0,0,651.13360026624,0,5245.06173956975,0,146861.728707953,0,1
1,32,10.6462372232652,8.68452385183667,0.411492849227502,158.110591783338,153.252611759393,0.565878857142857,0.565878857142857,0,0.767110388350199,0.426222925227557,207254.498622529,27.1299191095053,0.374532361618678,208113.387433424,0,1
1,33,0.256080000682656,0.256080000682656,0.00547169190515248,2.73340488525728,4.76436261439199,0,0,0,0.0189499200505166,0,7042.98340200213,0.558081093661025,0.0111616218732205,7061.56750242105,0,1
1,34,104.292739669077,101.182633398395,275.68019530438,2170.36911107213,931.148497257966,247.78943596098,224.746015743481,1.3286497014589,16.4323989696064,78.0204815468764,1655775.47886969,156.735499285171,3.5520877399644,1661105.37610077,0,1
1,35,35.7464949796814,35.7464949796814,2.46832926614574,392.76676351937,503.814490231286,42.8459830738955,21.4229915369477,1.90859379147353,2.43802187399359,14.5120532668839,689420.671247412,11.955001188626,1.1955001188626,690072.218812192,0,1
1,36,0,0,0,0,0,4671.86039949614,4651.53175363461,0,0,1409.96417911159,0,0.204658850178376,0,5.73044780499454,0,1
1,37,0,0,0,0,0,3380.79830570866,2313.17778811645,0,0,1424.66840602563,0,0,0,0,0,1
1,38,0,0,0,0,0,84.25,84.25,0,0,37.106536181278,0,0,0,0,0,1
1,39,0,0,0,0,0,11302.4856467444,11302.4856467444,0,0,1661.46539007143,0,0,0,0,0,1
1,40,0,0,0,0,0,594.035431445112,432.48,0,0,130.713290557006,0,0,0,0,0,1
1,41,0,0,0,0,0,16862.43,10117.458,0,0,10218.63258,0,0,0,0,0,1
1,42,0,0,0,0,0,362.550035627635,358.199435200103,0,0,35.8924535271359,0,0,0,0,0,1
1,43,0,0,0,0,0,1321.86222649965,943.636564667037,0,0,338.396729983912,0,0,0,0,0,1
1,44,0,0,0,0,0,10409.300046524,7206.4384937474,0,0,4393.76554963779,0,0,0,0,0,1
1,45,0,0,0,0,0,10527.6666691266,7264.09000169737,0,0,861.163133534559,0,0,0,0,0,1
1,46,0,0,0,0,0,11112.5370396337,7667.65055734723,0,0,899.004246506364,0,0,0,0,0,1
1,47,0,0,0,0,0,355.873505864069,266.905129398052,0,0,46.9397154234707,0,0,0,0,0,1
1,48,0,0,0,0,0,7829.21712900952,5427.07096442705,0,0,3014.24859466866,0,0,0,0,0,1
1,49,0,0,0,0,0,4132.03613112929,3995.78436777466,0,0,2224.96390486322,0,0,0,0,0,1
1,50,0,0,0,0,0,1021.91829972495,1021.65604056148,0,0,573.90931712553,0,0,0,0,0,1
1,51,0,0,0,0,0,2938.95620276557,2903.68872833238,0,0,2041.23098112701,0,0,0,0,0,1
1,52,1.94938875805963,1.90268465239779,0.0326304593234002,11.353582876611,54.4543540987646,3.10087955341869,3.01405492592297,0,0.818154400531048,0.0329288588537353,4757.52785633695,0.266447241616712,1.83623882174409,5251.5916668644,0,1
1,53,25.2419508340779,24.4548032151012,0.327163270510314,194.655770259713,395.329815469985,48.3198539702448,37.9402659735832,0,12.6624829077607,20.4223631862586,52743.8496080685,9.53051408007388,0.162477210015674,53053.7604629647,0,1
1,54,30.28699056,30.15370387152,331.638586194667,32308.86,3775.89879039607,1811.498125,1736.424,0,4.523055580728,616.714875582183,876540.260181298,35.1861114112796,63.5257478097602,894359.794470401,0,1
1,55,17.5949188479696,16.187274316739,0.1378826758191,69.24898524421,135.592207240344,35.387269690735,29.00009092839,0.815941002,3.72509944884188,6.1324809118249,16913.94171548,5.78879363471806,0.002732954031,17076.7521700703,0,1
1,56,0,0,0,0,0,8.37321162545441,8.37321162545441,0,0,5.00801787318428,0,0,0,0,0,1
1,57,0,0,0,0,0,1351.60631220902,1351.60631220902,0,0,549.41500826853,0,0,0,0,0,1
1,58,0,0,0,0,0,1847.24088641544,1817.68503223279,0,0,0,0,0.0890446790954387,0,2.49325101467228,0,1
1,59,0,0,0,0,0,33310.9475442571,32777.972383549,0,0,0,0,1.60572595391129,0,44.9603267095161,0,1
1,60,505.323578662889,453.148539249678,0,0,0,0,0,0,2.88649408359346,5.04564130558688,0,0,0,0,0,1
1,61,0,0,0,0,0,0,0,247.454225756571,0,0,0,0,23.5106906571429,6230.33302414286,0,1
1,62,0,0,0,0,0,5.39942169666667,5.39942169666667,0,0,2.279095898163,0,0,0,0,0,1
1,63,158.426327891098,35.2058506424663,0,0,0,0,0,0,0.271718755258555,2.17420239418929,0,0,0,0,0,1
1,64,0.873444869811408,0.827394742799973,0.00998117028202112,8.79519877439545,0.363402024574608,1.17582921125842,0.848948690528582,0,0.133869159806064,0.64635992411826,0,0.271345202598098,0,7.59766567274674,0,1
1,65,2.5766904,0.294142739726027,0,0,0,0,0,0,0.0151651172320548,0.0467761749607653,0,0,0,0,0,1
1,66,0,0,0,0,0,0,0,360.717867464599,0,0,0,0,0,0,0,1
1,67,0,0,0,0,0,0,0,0,0,0,0,869.925125,0,24357.9035,0,1
1,68,0,0,0,0,0,0,0,0,0,0,0,29.95864394658,2.29803205658815,1447.8205255001,0,1
1,69,140.371084060131,60.7651695781864,10.7359532977917,883.020923026373,183.566878562535,16.6649230803536,16.6649230803536,0,3.9587329378291,14.5919562757631,21102.6360623148,37.683278682705,0.188416393413525,22207.6982096851,0,1
1,70,34.9150824,18.1041168,0,0,0,0,0,13299.1008967436,0,0,258124.46547397,0,0,258124.46547397,0,1
1,71,0,0,0,0,0,16.69404,16.69404,0,0,14.6907552,0,0,0,0,0,1
1,72,12.8375713181161,11.938941325848,0,203.77097330343,4.85168984055786,16.8596221959386,13.2045121849851,0,3.58168239775439,17.1163736223009,0,0,0,0,0,1
1,73,45.2816789705,38.4262853415,4.1493171965,449.569497986,13.349977067,49.430996167,31.390486617,4.5101273875,2.766692544588,1.84590106761419,6613.65080103,18.04050955,0.805809426566667,7332.32456647017,0,1
1,74,0,0,0,0,0,0,0,0,0,0,0,0,0,0,0,1
1,75,0,0,0,0,0,0,0,0,0,0,0,0,0,670.824,0.38115,1
1,76,0,0,0,0,0,920.075593932628,920.075593932628,0,0,12.8810583150568,0,0,0,0,0,1
1,77,8.38907428924122,7.10938499088239,0.712777663669615,77.3833304714833,2.32222158265047,5.63051003872515,1.79543072943655,0.564898312441828,0.511875719343532,3.45604259971274,1393.178684883,3.8350793092886,2.18901786481672,2080.65063971951,0,1
1,35,2498.00717186784,628.877725286772,0,0,0,0,0,0,0,54.782537967441,0,0,0,0,0,1
1,79,105.89015967744,10.5717877422417,0,0,0,0,0,0,0,2.46436950918452,0,0,0,0,0,1
1,80,1097.0361845461,274.066809762088,86.0924078389808,64158.3273454493,10669.3103811542,10384.4285223759,9966.09852443013,311.458640335733,33.6114862358533,3261.22085083074,5106445.09195744,271.744650568173,134.29476194588,5209575.22387624,46.1024382978723,1
1,81,284.824938120034,78.0126494536837,27.4974227394836,18551.7002303436,3977.35316603729,2960.1549869681,2823.24140269874,76.063015135992,14.7269388389123,914.522992495201,1650123.11048536,93.6705825483702,60.124213069761,1684697.74439495,12.3222624113475,1
1,82,585.259126414449,129.719713458458,41.7972005417557,61736.3603779094,4902.81335612058,1019.24166567746,640.426104375131,145.313952615004,9.25515309327873,170.753951768374,2477981.33949692,304.01766686124,16.9330979432993,2494048.37306727,2.35943687943262,1
1,83,50.24121491076,27.11595026078,2.52183904332,1535.2699192768,392.52754617488,218.029987335659,182.959797328141,8.21242546922007,11.200206155371,60.8937575698386,184703.9996,32.169582683002,3.44943436438,186619.860787642,0.0777021276595745,1
1,84,68.98698149791,47.24429988294,59.1067882,20827.25708356,4721.5251876659,6503.28563120387,5892.45738509822,100.994660070319,3.27075963344,85.8647320353581,856971.504,145.8620277261,74.292270978,880751.051167061,0.00612198581560284,1
1,85,117.577072010002,42.7955218443278,9.32108427304555,6208.49557758641,1256.7209389982,897.741308364032,835.362243138504,25.9250700752205,12.6365328359844,272.762214581963,592319.695850354,49.3187786639247,19.6953752439087,602317.751269885,2.61373475177305,1
1,86,1529.56155448087,1010.38709297541,11.229569524551,5584.905472348,10359.8069460605,1179.5310481418,826.5517305052,22.5570306023,520.902704810694,214.479654781873,1635722.852257,334.393431015384,4.44650724393,1646775.68465997,0.393455319148936,1
1,87,1189.70573464512,863.831961489583,7.96923175525,5697.4016653097,9014.21024447487,1416.58388715237,1151.76066713596,20.4447569438373,396.693023840722,240.211255003433,1133594.853244,240.481011352376,4.62881278324,1142138.84134659,0.449141843971631,1
1,88,496.38716032802,280.86998112852,9.893368599164,11568.455168262,4252.23702117508,1543.76891147074,1269.70354898336,25.3156887453619,81.728637984331,367.239375554243,880128.629933,230.246870909922,18.6532590939,891974.743921624,0.350836879432624,1
1,89,185.312524712,87.504020627,26.320054613,46846.461439,2680.75692246,5008.2285123,4661.2975973,206.75239625,10.859590931,1479.00664452769,1558541.37768,109.115908456,14.63910092,1565475.98486057,0,1
1,90,36.96735621,22.126611423,0.262872195,111.1306631,209.85075609,33.9107016,19.3100164,0.85967746,9.84290588,6.49570802162866,38985.107,14.109613218,0.175383679,39440.1212138333,0.0103602836879433,1
1,91,0,0,0,0,101.09900771125,8734.23252060092,8734.23252060092,0,0,926.459139465907,0,0,0,0,0,1
1,92,438.260383925626,99.1396858650278,0,0,0,0,0,0,0.102106806686152,3.2685252631384,0,0,0,0,0,1
2,1,227.19226317468,40.8699705398811,11.6307823461584,1203.68425244988,675.004779679502,2177.86865986492,2108.57477981536,5.91027404507185,12.0195445106759,10.8376821332,561025.078565508,10.2511251250164,47.840486216548,573989.838916394,0,1
2,2,3.21635943202947,2.94162025202947,0.770911152546073,91.1474478981511,57.3798759224177,9.05824561125101,1.43072797783473,0.82711254128,1.0877443992481,1.31248436713592,106424.164824215,1.96134482507244,34.1801908853637,115536.833063939,0,1
2,3,139.979624487901,45.4698211458505,5.31834406423382,569.595872517242,288.256597744501,341.949369268541,308.974207720103,2.78714369173066,4.45997501013203,84.2136317086765,408778.601118689,7.38676805803754,76.1891913169158,429175.566323297,0,1
2,4,1.44176823944,1.05085189544,0.0727284079999834,8.579619653184,4.14506335912,2.004819663976,1.980101464,0.03453360511,0.051157326348113,0.610208312113389,2024.11738106233,0.0332804819385315,1.62717504317381,2456.25062099767,0,1
2,5,3.631658593358,2.74752948164777,0.696224488550501,10.8671506691654,28.6151378036202,29.1645061358503,5.73939420385859,0.154323944402041,0.402314137829496,12.6648447886663,48700.086640487,0.823356423641908,32.4689940403802,57327.4240410498,0,1
2,6,0.8076546256,0.7990146256,0.669350303723904,86.9537827776,33.656606888,11.4353300364,11.4324269964,0.34113101947,0.30614769623409,1.73319353078,124547.3806728,2.38178228,1.3016957608,124959.019953252,0,1
2,7,34.6557566229553,24.5209748645788,0.348471461973233,11.2831962691765,11.7806083087059,249.525800526635,232.6722500474,0.105889427923706,1.17092462638898,155.242112221468,18252.8171075131,0.308529051499325,1.61741666702988,18690.071337718,0,1
2,8,347.117134636987,278.076972474483,5.82552701115199,405.086008716223,611.354721019742,1154.62065315436,1039.55828641841,12.3577555329748,18.4377321257974,147.817334293126,509318.992662796,9.26945865637098,34.1897636320002,518638.824867655,0,1
2,9,3.21148165390969,2.71080618610969,0.305314310991436,31.2570879929808,29.2762188975486,420.483363976297,375.685404225645,0.12728715084655,0.427184301436334,156.810936772808,17356.0095346313,0.262769889712975,33.1497576077113,26148.0528575867,0,1
2,10,4.96363082322484,3.65041627537485,5.04798892238389,385.409263968899,97.0484344586199,28.07205268916,27.8401209138074,1.47595131695619,0.800429154466036,4.40131296567423,317782.81899548,5.77208463811255,2.75803503380527,318675.316649306,0,1
2,11,110.352866764455,65.1580325294539,17.5211014669097,498.013743140126,435.095717879138,2585.37065050043,2502.37028665107,10.5571787045556,10.3813411492114,730.431802375341,643662.341006053,12.1125250359876,45.3298808409413,656013.91012991,0,1
2,12,111.742304322566,92.9047276373591,6.48974884095029,748.950809754635,599.465097038701,2248.25014355009,1882.05942517903,15.3489990109188,15.1061479584614,2166.25464226333,381904.956401929,7.11038238528974,42.9890728575006,393496.151415955,0,1
2,13,172.716870074474,131.344716286206,435.343062516848,504.387376120568,1656.56463146022,261.928659370412,218.549069568231,8.87747347021071,15.9869021836388,210.98600968437,1686816.14645312,8.53737793878025,31.7936760287647,1695480.51718303,0,1
2,14,156.658656659963,104.226663716265,23.0344314602934,1433.31149370033,130.875483855168,299.031797158579,293.345370141179,3.41954978966484,3.32747902034246,193.885094984232,133930.511961961,2.38262585301159,2.53078869402825,134667.884489762,0,1
2,15,63.9150973556267,49.411021752286,41.752620845098,1177.17613203362,520.632041546739,914.653455213013,863.009653815594,6.06815173061139,5.87995659547002,817.667529348605,758854.13313566,14.0737717389636,64.5837846700573,776362.901681917,0,1
2,16,0.043060992864,0.036355609264,0.019764793272064,0.26570448264,0.4090987784,0.03372276736,0.01319704192,0.0098951482208,0.00968048362177604,0.0088680112013544,451.889771925929,0.00700774366908031,0.049080129335642,465.092223022609,0,1
2,17,0.00574623520224073,0.00247104,0.00000169913832970756,0.0859746407574731,0.0923524641673944,722.855203418715,722.852684715147,0,0.00123552,691.264120043233,63.1442187622704,0.000932853173408024,0.150977615280336,103.179406700415,0,1
2,18,14.4449971726948,10.6359321990713,0.58033160156146,63.3200248201473,32.2785712275324,103.60545008689,89.3020562125114,0.301961741778923,0.459136837755918,100.246163709957,17020.3622486712,0.280266242455784,13.131342176114,20508.0153801302,0,1
2,19,155.24560576997,139.795180412945,2.42085121989876,128.110511733423,66.7592131159256,1698.70823136832,1663.3351177352,1.22637483238734,2.54522988575965,962.725967640532,50465.4072157581,0.917606223273797,1.10054550533741,50782.7447489242,0,1
2,20,1.60956955552,1.22918412072,0.0636521578737485,8.526355888512,10.76956428016,209.031751604751,208.811676572,0.02968128903,0.1806497905163,146.167513474196,6693.42066093641,0.101353035456948,14.7388391242377,10602.0509138522,0,1
2,21,0.3337327728,0.2802796419,0.264569643928512,7.7308437808,9.214511328,46.2051605613567,0.591306621326288,0.0645923733597,0.11528041871384,23.1331149732798,9765.56382112172,0.150061091808195,10.8992333977533,12658.062382097,0,1
2,22,555.7977,555.7850125,12.6205,1312.6747,4360.41142,212.0689,74.9378,32.5237,213.421020677576,31.81810725,2221849.7155,101.9938,49.7544,2237890.4579,0,1
2,23,4.56022270997752,2.57245070511629,0.00000628992,0.081448,0.37654,0.353372,0.341,0,0.0830391211534887,0.0879572349256687,270.1778,0.00396,0.616772,433.73326,0,1
2,24,1.43761447671976,0.906035280909758,5.59114252103911,67.3890588380092,40.5768902942128,7.63161654658618,1.938073795232,0.79085455322751,0.298048506961596,1.87207564880338,82776.7382431598,1.31897251452745,4.30533840883398,83954.5841519075,0,1
2,25,0,0,0,0,0,76.2555157631002,76.2555157631002,0,0,30.997136107652,0,0,0,0,0,1
2,26,0,0,0,0,0,13277.3396148586,12215.1524456699,0,0,6617.42606404553,0,31734.3827835572,123.014414336126,921161.537738676,0,1
2,27,2110.44408514862,2001.10911931242,125.069319957026,21186.7428007203,750.415919742159,6939.34614849565,5613.61135695118,190.355504974594,150.083183948432,4313.16922275756,400722.101142313,993.05040045879,0,428527.512355159,0,1
2,28,0,0,0,73.4120705606845,0,216327.247037982,5161.18843612926,0,0,1449.53750890537,0,210863.010161928,0,5904164.28453397,0,1
2,29,0,0,0,0,0,0,0,0,0,0,0,3180.05,0,89041.4,0,1
2,30,0,0,0,502.177200077522,0,2209.50053721436,2209.50053721436,591.851700091365,0,0,0,3600.4311755558,295.925850045682,179232.423177668,0,1
2,31,0,0,0,0,0,1750.54965696,1610.5056844032,0,0,872.473949028865,0,18016.3275443752,0,504457.171242507,0,1
2,32,22.5253335805228,19.7419401944072,0.905111620729588,304.605942662461,340.096141031506,4.89314898024838,2.84802545927549,0.182201913686676,1.61770655195941,1.99012796817956,470093.412376882,52.9331363338725,0.82020085100158,471792.893419746,0,1
2,33,0.381153284862295,0.381153284862295,0.00814414767980179,4.06844051896716,7.09134823457382,0,0,0,0.0282053430798098,0,10482.8813329722,0.830656207050098,0.016613124141002,10510.542184667,0,1
2,34,251.409211051088,242.487502622366,413.637357324125,4845.99229612331,1183.48905360989,642.279799797381,610.443799826961,0.758530381871017,43.9349885596728,200.598489761956,2146991.03999333,320.319179054808,5.64131017145684,2157454.9242023,0,1
2,35,81.3509786909933,81.3509786909933,6.16628484976614,897.458075078138,1094.640389643,111.305839651356,55.6529198256778,4.95816922083311,5.48165690772877,37.6995965094296,1474378.25629666,26.039302124176,2.6039302124176,1475797.39826243,0,1
2,36,0,0,0,0,0,5797.3762967034,5784.78137634249,0,0,1749.64408441314,0,0.2486947032145,0,6.96345169000599,0,1
2,37,0,0,0,0,0,4796.87388634549,3282.07160644692,0,0,2021.40265570599,0,0,0,0,0,1
2,38,0,0,0,0,0,119.539810493682,119.539810493682,0,0,52.6493567143848,0,0,0,0,0,1
2,39,0,0,0,0,0,4868.65925690442,4868.65925690442,0,0,715.692910764949,0,0,0,0,0,1
2,40,0,0,0,0,0,435.402918998539,319.872,0,0,95.807329407898,0,0,0,0,0,1
2,41,0,0,0,0,0,14559.805,8735.883,0,0,8823.24183,0,0,0,0,0,1
2,42,0,0,0,0,0,909.38183985761,898.469257779318,0,0,90.0288021459034,0,0,0,0,0,1
2,43,0,0,0,0,0,1312.31184420911,936.818842097138,0,0,335.951832117533,0,0,0,0,0,1
2,44,0,0,0,0,0,14769.3222290111,10224.9153893154,0,0,6234.1309128656,0,0,0,0,0,1
2,45,0,0,0,0,0,14937.2676991738,10306.7147124299,0,0,1221.86849779242,0,0,0,0,0,1
2,46,0,0,0,0,0,15767.1159046834,10879.3099742316,0,0,1275.55967668889,0,0,0,0,0,1
2,47,0,0,0,0,0,504.934093299526,378.700569974644,0,0,66.6008069062074,0,0,0,0,0,1
2,48,0,0,0,0,0,11108.5500525896,7700.24492281777,0,0,4276.79177024698,0,0,0,0,0,1
2,49,0,0,0,0,0,5208.59605742464,5036.84528494722,0,0,2804.65558746588,0,0,0,0,0,1
2,50,0,0,0,0,0,1072.73221292597,1059.85942637086,0,0,602.446410779226,0,0,0,0,0,1
2,51,0,0,0,0,0,3407.11133851298,3366.22600245082,0,0,2366.38477762187,0,0,0,0,0,1
2,52,18.8478077338476,18.3962456735575,0.315489981693928,109.772946142189,526.495903949897,29.9810806782476,29.1416104192567,0,7.91038563962973,0.318375079369993,45998.5059182946,2.5761646364497,17.7538093017979,50775.3979930917,0,1
2,53,95.2493877738613,92.2362745459363,0.653225705841188,576.738292259216,1056.49629775065,129.623669308118,122.812973362566,0,47.7591350721735,347.362674154441,143195.658320593,4.98166321265453,0.0571386932866819,143350.286644268,0,1
2,54,0,0,0,0,0,0,0,0,0,0,0,0,0,0,0,1
2,55,0,0,0,0,0,0,0,0,0,0,0,0,0,0,0,1
2,56,0,0,0,0,0,0,0,0,0,0,0,0,0,0,0,1
2,57,0,0,0,0,0,1453.82450759995,1453.82450759995,0,0,590.965724744626,0,0,0,0,0,1
2,58,0,0,0,0,0,2870.32558967835,2824.4003802435,0,0,0,0,0.138361608879447,0,3.8741250486245,0,1
2,59,0,0,0,0,0,44795.5771571515,44078.847922637,0,0,0,0,2.15933277689288,0,60.4613177530007,0,1
2,60,472.57345337627,423.428902826071,0,0,0,0,0,0,2.68118865166015,4.71863225260235,0,0,0,0,0,1
2,61,0,0,0,0,0,0,0,5224.51214289914,0,0,0,0,440.624925370167,116765.605223094,0,1
2,62,0,0,0,0,0,158.234612285847,158.234612285847,0,0,66.790829845856,0,0,0,0,0,1
2,63,2524.67926576559,561.039836836796,0,0,0,0,0,0,4.33010546070639,34.6480523613527,0,0,0,0,0,1
2,64,31.7239140041513,30.3373663682867,1.08741515693525,203.871046490615,538.330412212477,26.1474305768295,18.8784448764709,0,4.90846452892332,15.4287869734557,0,11.4087614644153,0,319.445321003629,0,1
2,65,149.05704,17.0156438356164,0,0,0,0,0,0,0.877275549232876,2.70592003687125,0,0,0,0,0,1
2,66,0,0,0,0,0,0,0,6323.4542505601,0,0,0,0,0,0,0,1
2,67,0,0,0,0,0,0,0,0,0,0,0,17280.636393,0,483857.819004,0,1
2,68,0,0,0,0,0,0,0,0,0,0,0,550.111684444454,23.5351879031839,21639.9519587884,0,1
2,69,199.166683912813,86.2171678969354,15.2327969202549,1252.88160480015,260.455397379882,23.6451651691621,23.6451651691621,0,5.61688126157167,20.7039189210761,29941.651263089,53.4672343983731,0.267336171991866,31509.5779118212,0,1
2,70,49.5443952,25.6896864,0,0,0,0,0,18875.7382463816,0,0,264914.745938938,0,0,264914.745938938,0,1
2,71,0,0,0,0,0,6.71374,6.71374,0,0,5.9080912,0,0,0,0,0,1
2,72,14.4284159429124,13.4184268269085,0,229.022475284323,5.45291607819817,18.9488833717387,15.0878247645093,0,4.02552804807255,19.2374516905969,0,0,0,0,0,1
2,73,64.093899973592,54.3168643844,5.281122257,597.535867972,15.90699475,43.2765956093865,13.7998385737865,4.3620118361956,3.9108142356768,3.13766707594028,10277.304848811,29.4767570356,1.42102486433333,11479.2256348561,0,1
2,74,159.57465984931,145.829340398908,8.23911645707246,19.6755019870387,4.5499598345027,2.21349397354186,2.21349397354186,0,0.682493975175406,66.1318466465907,11341.75406571,32.490119794905,0.22782682668,12311.8515290375,0,1
2,75,0,0,0,0,0,0,0,0,0,0,0,0,0,735.768,0.41805,1
2,76,0,0,0,0,0,1564.03979919915,1564.03979919915,0,0,21.8965571887881,0,0,0,0,0,1
2,77,2.38038442823094,2.01727493917877,0.202249353491355,21.957377954705,0.658926110754824,1.59764688654243,0.509450173280639,0.160288859069347,0.145243795620871,0.980645742785893,395.311894125415,1.08819671326179,0.621129800365659,590.380799193645,0,1
2,35,3374.40494205854,816.518184186134,0,0,0,0,0,0,0,74.0023763493112,0,0,0,0,0,1
2,79,7935.8855554861,792.34631997641,0,0,0,0,0,0,0,184.690951934454,0,0,0,0,0,1
2,80,1767.79358587184,675.855131769654,112.880390800178,139092.066128545,20887.7319228988,23268.1927232969,22499.51745669,454.475759945836,118.570012360874,7300.61296286886,6692146.45070412,438.974356183771,308.823847200205,6862553.08750446,58.6746425531915,1
2,81,364.012914056879,133.275304054925,31.4207831189759,42099.6684626555,7509.34207143474,6472.18140002303,6214.9548081517,100.694936650165,29.0550286132376,1995.53632763939,1870405.17608037,160.611096448982,162.822772811838,1932284.24469665,10.9491716312057,1
2,82,304.76906420443,98.86997097919,19.350336351,44185.5733824432,3533.534214089,796.381626656341,661.434154034216,97.7216869701815,10.141476207958,189.485070111703,1132729.3601,91.3150564457941,13.2288131597,1139962.64695504,0.90063829787234,1
2,83,278.58796596139,106.95409098124,21.51842057583,17141.2005105886,2312.43921251743,2129.51913276446,2005.94780061175,64.1764328241229,26.84889486449,655.021807315536,1316054.719498,93.615987743938,40.1604111741,1329827.36618689,0.39145390070922,1
2,84,89.6031821565,48.8989216936,8.710283148,17691.295623794,1796.15250621298,1399.48261431942,1279.36916474978,16.8160892387052,10.75344912717,302.475001623498,401462.9254,65.23172975402,15.215861951,407337.993562184,0.0125971631205674,1
2,85,458.887876794209,218.744803855929,30.3294745672481,46418.4836165685,7050.74355291913,6356.30812633548,6041.96493538429,91.6072053653359,63.3764280536299,1938.75801699951,1898265.23640553,218.948500824691,178.756106001861,1961508.38464677,7.4940170212766,1
2,86,513.39500977661,345.87533765103,3.61910005603,1889.3901954313,3441.3462269951,389.3323835843,282.7219278806,7.2168863401,176.501748853274,70.0732426360669,524647.506399,100.379165741682,1.42647080825,527983.9837614,0.113727659574468,1
2,87,617.045169893441,417.688444981282,7.604714295265,8000.1857556695,4953.60115017812,1150.14928074556,984.292699127349,18.0413229015645,189.938887993594,243.42971996089,741562.641314,134.150093601927,8.99393253993,747921.86229907,0.168943262411348,1
2,88,736.7671076105,388.00147479689,24.207369719,33421.359118361,7041.48384747961,3679.81625061417,3156.83858595266,45.693119086879,119.013449621303,926.318710441393,1654962.01937,418.033466539739,66.2901397177,1685165.76274908,0.716860992907801,1
2,89,151.997803458,71.762242196,21.5913773042,38427.442538,2142.7184512,4130.8785125,3846.2944786,169.6130527,8.9047299244,1221.47712784649,1278522.85761,89.487293118,12.00719744,1284210.4091389,0,1
2,90,14.859292,8.3624349,0.1154241,30.58244,71.2328,11.88921,5.64457,0.384002,3.888268,2.36245564583632,17285.69,6.0834,0.0783415,17480.6119386348,0.00294326241134752,1
2,91,0,0,0,0,400.976883766374,36001.3341016242,36001.3341016242,0,0,3060.52181944462,0,0,0,0,0,1
2,92,1486.37203985144,324.047300022391,0,0,0,0,0,0,0.333745610870729,11.0852925358217,0,0,0,0,0,1
3,1,0.5790019,0.3686019,1.6161104,4.6940373,9.6527998,0.501932,0.2575,0.342,0.127471350001289,0.11021628564,4760.469978,0.104287,0.1783913,4810.6637085,0,1
3,2,0,0,0,0,0,0,0,0,0,0,0,0,0,0,0,1
3,3,0.4313,0.3421,0.014,2.1074,3.9598,32.643220548,32.485020548,0.0982,0.077776800000819,7.45085534353447,2804.3016,0.0829,0.0517,2820.3233,0,1
3,4,0,0,0,0,0,0,0,0,0,0,0,0,0,0,0,1
3,5,0,0,0,0,0,0,0,0,0,0,0,0,0,0,0,1
3,6,0,0,0,0,0,0,0,0,0,0,0,0,0,0,0,1
3,7,0,0,0,0,0,0,0,0,0,0,0,0,0,0,0,1
3,8,22.51923490656,20.1905470118232,0.9361067,121.1739358,334.2641286,33.92836879116,25.2825775,4.634,4.44850405698336,2.45010492483327,173337.6664418,3.3204149,3.1910171,174276.2575905,0,1
3,9,0,0,0,0,0,0,0,0,0,0,0,0,0,0,0,1
3,10,0,0,0,0,0,0,0,0,0,0,0,0,0,0,0,1
3,11,19.713161,11.1501,25.3335,15.3484,10.8178,57.55724,57.12124,0.2782,0.424050350002782,18.77279819749,18458.8779,0.1829,0.1818,18512.1761,0,1
3,12,0,0,0,0,0,0,0,0,0,0,0,0,0,0,0,1
3,13,1.13002045056,0.73601053056,78.355439424,0.6566832,7.2235152,0.1681108992,0.0367742592,0.105069312,0.0441606318336,0.100910788935402,3283.416,0.131146670748865,0,3287.08810678097,0,1
3,14,4.08653773856,2.67445793856,85.9137221170112,1.1452550784,8.4028304,1.6416652736,1.4746155008,0.098007275592,0.177027218519047,1.13484478998144,3821.52540276266,0.134374896869618,0.120393720483982,3857.19223580326,0,1
3,15,0.12906,0.08406,8.949,0.075,0.825,0.0192,0.0042,0.012,0.0050436,0.01152505374,375,0.0149783035505779,0,375.419392499416,0,1
3,16,0,0,0,0,0,0,0,0,0,0,0,0,0,0,0,1
3,17,0,0,0,0,0,0,0,0,0,0,0,0,0,0,0,1
3,18,0,0,0,0,0,0,0,0,0,0,0,0,0,0,0,1
3,19,0.628922,0.437671,7.2692,0.099,0.7118,0.0105,0.0022,0,0.00711756674,0.11901020178,133.5539,0.002,0.0091,136.0214,0,1
3,20,0,0,0,0,0,0,0,0,0,0,0,0,0,0,0,1
3,21,0,0,0,0,0,0,0,0,0,0,0,0,0,0,0,1
3,22,1.1591,1.1591,0.0698,46.3994,330.2509,13.4888,13.4888,0,0.445094400005372,2.02332,0,0,0,0,0,1
3,23,0,0,0,0,0,0,0,0,0,0,0,0,0,0,0,1
3,24,0.0119,0.003,0.0674,0.0593,0.2372,0.003,0.0024,0.0095,0.00045,0.00206465,264.5306,0.0006,0.0031,265.3689,0,1
3,25,0,0,0,0,0,0,0,0,0,0,0,0,0,0,0,1
3,26,0,0,0,0,0,56.124614,51.63464488,0,0,27.9725076176,0,141.620172134637,1.27836835085143,4304.13243274548,0,1
3,27,15.8027529555056,14.9840658049354,0.93650411280846,158.643796709753,5.61902467685076,51.9609941950646,42.0340505992949,1.42535925969448,1.12380493537015,32.2964953974261,3000.55917743831,7.43584265569917,0,3208.76277179788,0,1
3,28,0,0,0,0.106084124801765,0,1121.42482605929,23.9698304231007,0,0,7.51429776437365,0,1093.22502556152,0,30610.3007157226,0,1
3,29,0,0,0,0,0,0,0,0,0,0,0,9.74,0,272.72,0,1
3,30,0,0,0,0,0,0,0,0,0,0,0,0,0,0,0,1
3,31,0,0,0,0,0,77.0342742,70.871532264,0,0,38.39388226128,0,516.058050126936,0,14449.6254035542,0,1
3,32,0.312540754347992,0.283615672421764,0.0156980522564582,4.0332731031186,4.55733150834562,0.16687277482876,0.0876082742306628,0.00706174641692136,0.0220559298101052,0.0599787863536228,6247.66854387749,0.671976028834103,0.01096141980781,6269.38864893391,0,1
3,33,0.00377490342174073,0.00377490342174073,0.0000806588114667639,0.0402934216918696,0.0702319926879788,0,0,0,0.000279342853208814,0,103.821392036109,0.0082267347096758,0.000164534694193516,104.095342301941,0,1
3,34,256.804245835718,247.240595246951,7.59126958098397,3813.74997358335,67.3667122808753,670.821719673904,645.530993776114,0.0259046936828037,46.2423050293437,209.046587335623,25428.3385447906,260.076350528542,2.09639952427167,33266.0222335218,0,1
3,35,13.0215754308463,13.0215754308463,1.01941310634435,143.866089188391,172.150645714702,18.6306918139069,9.31534590695345,0.829912635346762,0.873491781473548,6.31026697499306,230416.253267287,4.0991130061008,0.40991130061008,230639.654926119,0,1
3,36,0,0,0,0,0,64.7201938246105,64.4708859683878,0,0,19.5325089267868,0,0.00282041275580576,0,0.0789715571625612,0,1
3,37,0,0,0,0,0,49.8492131383414,34.1073563578125,0,0,21.0064584164971,0,0,0,0,0,1
3,38,0,0,0,0,0,0.91336401,0.91336401,0,0,0.402276257373794,0,0,0,0,0,1
3,39,0,0,0,0,0,43.4768648037654,43.4768648037654,0,0,6.39109912615351,0,0,0,0,0,1
3,40,0,0,0,0,0,3.15245682316182,2.448,0,0,0.693675802623303,0,0,0,0,0,1
3,41,0,0,0,0,0,470.948473728107,282.569084236864,0,0,285.394775079233,0,0,0,0,0,1
3,42,0,0,0,0,0,3.25020112272537,3.21119870925266,0,0,0.321769911149811,0,0,0,0,0,1
3,43,0,0,0,0,0,42.4477704258813,30.3021506019744,0,0,10.8666292290256,0,0,0,0,0,1
3,44,0,0,0,0,0,153.483103610156,106.25753326857,0,0,64.785218033847,0,0,0,0,0,1
3,45,0,0,0,0,0,155.228396427128,107.107593534718,0,0,12.6976828277391,0,0,0,0,0,1
3,46,0,0,0,0,0,163.852196228635,113.058015397758,0,0,13.2556426748966,0,0,0,0,0,1
3,47,0,0,0,0,0,5.24728559350962,3.93546419513222,0,0,0.692116969783919,0,0,0,0,0,1
3,48,0,0,0,0,0,115.440283057212,80.0211053010217,0,0,44.4445089770265,0,0,0,0,0,1
3,49,0,0,0,0,0,55.5233939672943,53.6925386467214,0,0,29.8974993277629,0,0,0,0,0,1
3,50,0,0,0,0,0,34.698376688181,34.2819961679228,0,0,19.4866083480825,0,0,0,0,0,1
3,51,0,0,0,0,0,47.4847618967761,46.9149447540148,0,0,32.9802012782395,0,0,0,0,0,1
3,52,0,0,0,0,0,0,0,0,0,0,0,0,0,0,0,1
3,53,0.920613386666504,0.892994985066508,0.004397899910067,5.72824381127345,7.78894518238078,1.16929020202383,1.15071269414121,0,0.462384981619403,3.83965920409952,1015.44682418226,0.0235638911480904,0.00000199609748162437,1016.10714210024,0,1
3,54,0,0,0,0,0,0,0,0,0,0,0,0,0,0,0,1
3,55,0.9648954506853,0.887701603720401,0.0073336962287,3.7602244433,7.7517666430095,1.97300050961,1.65189739548,0.042812233,0.20011876539917,0.339250737662311,895.71781898,0.2874016569324,0.00014333818,903.803049991807,0,1
3,56,0,0,0,0,0,0,0,0,0,0,0,0,0,0,0,1
3,57,0,0,0,0,0,28.2563318214122,28.2563318214122,0,0,11.4859279962424,0,0,0,0,0,1
3,58,0,0,0,0,0,28.4421528350373,27.9870783896767,0,0,0,0,0.00137102983731259,0,0.0383888354447524,0,1
3,59,0,0,0,0,0,719.279484249466,707.771012501475,0,0,0,0,0.0346722570542553,0,0.970823197519147,0,1
3,60,0.5733962348767,0.514365254134249,0,0,0,0,0,0,0.00317774854004139,0.00572534480741489,0,0,0,0,0,1
3,61,0,0,0,0,0,0,0,15.5569679816999,0,0,0,0,10.540600418768,2793.25911097353,0,1
3,62,0,0,0,0,0,1.97889549367347,1.97889549367347,0,0,0.835291787879572,0,0,0,0,0,1
3,63,39.1178005495806,8.69284456657346,0,0,0,0,0,0,0.067091374364814,0.536842687339067,0,0,0,0,0,1
3,64,0,0,0,0,0,0,0,0,0,0,0,0,0,0,0,1
3,65,1.0344,0.118082191780822,0,0,0,0,0,0,0.00608796356164383,0.0187780710400503,0,0,0,0,0,1
3,66,0,0,0,0,0,0,0,203.46197,0,0,0,0,0,0,0,1
3,67,0,0,0,0,0,0,0,0,0,0,0,100.968,0,2827.104,0,1
3,68,0,0,0,0,0,0,0,0,0,0,0,16.44302417015,1.48144287145152,852.987037698852,0,1
3,69,2.06974431925089,0.895970600960041,0.158299542235696,13.0199716804253,2.70665790359409,0.245721047944172,0.245721047944172,0,0.0583707468269837,0.215155555795099,311.154262315769,0.55563261127816,0.0027781630563908,327.448188641502,0,1
3,70,0.513864,0.266448,0,0,0,0,0,195.8741243532,0,0,1527.9177241152,0,0,1527.9177241152,0,1
3,71,0,0,0,0,0,0.03526,0.03526,0,0,0.0310288,0,0,0,0,0,1
3,72,0.070526914803112,0.0655900307668942,0,1.11947483814464,0.0266541628129675,0.0926232157750621,0.0647436278267684,0,0.0196770092300683,0.0940337540711243,0,0,0,0,0,1
3,73,0,0,0,0,0,0,0,0,0,0,0,0,0,0,0,1
3,74,16.7824640978294,1.03666930496809,0.8665077291672,2.069272189056,0.4785191937192,0.2327931212688,0.2327931212688,0,0.07177787905788,6.95508511888811,1192.8120705,3.41698531275,0.05881344972,1304.0732234328,0,1
3,75,0,0,0,0,0,0,0,0,0,0,0,0,0,0,0,1
3,76,0,0,0,0,0,18.6292021268699,18.6292021268699,0,0,0.260808829776178,0,0,0,0,0,1
3,77,0,0,0,0,0,0,0,0,0,0,0,0,0,0,0,1
3,35,46.1090338580246,11.155411417264,0,0,0,0,0,0,0,1.0111940135386,0,0,0,0,0,1
3,79,132.618384668492,13.2438443967067,0,0,0,0,0,0,0,3.08641241575127,0,0,0,0,0,1
3,80,37.6053333823244,26.7068377590129,0.928137810167691,3721.51038261036,332.828653270788,565.045335380664,544.560181860199,2.88416804525417,5.88829306378619,172.474447450261,55011.3904995553,10.5865761484663,7.66271767989708,57593.8746750411,0.19649219858156,1
3,81,7.78579819889889,4.74536286939027,0.374550945241437,1350.29959653584,168.345950253017,180.874929390887,173.616954835399,1.05628406934987,1.2762363439028,54.623331047321,22146.6766503939,4.13855005684464,4.87646846624336,23617.57055015,0.0482695035460993,1
3,82,1.54004734923,0.33607988687,0.109624746,205.109141244,27.97550397524,3.5643020501,2.2035002962,0.37859217,0.02346744055,0.589409703799111,6494.9778,1.10016595345,0.0458162914,6545.72929583249,0.00600425531914894,1
3,83,9.70394332063499,5.019586768279,0.55820361219,1416.76631295098,152.025807626282,140.67962566675,135.195494072223,1.336219899,0.881503639231,42.6143638848267,33491.724939,2.7359991348819,2.51907331954,34240.6318834619,0.00364964539007092,1
3,84,1.7960099615,1.0804704701,0.10121467,285.04718779,34.812517444,29.74766632,27.44197453,0.20465206,0.14504073781,8.4039472353198,5995.8091,1.5696904574,0.18588747,6089.0206123572,0,1
3,85,20.2929924259153,13.4730867921154,0.769801160474923,2974.22679104845,339.087919964792,358.858892920009,344.031986016449,2.05429185002127,4.2967812207766,105.942362926063,46309.5998712744,8.27214650252361,9.07213134973315,49013.4418732229,0.0523900709219858,1
3,86,21.35077043801,15.9370896453,0.112453989656,66.468712646,140.9077109,15.4398282816,12.9176537946,0.22486464,7.529414372887,2.65709077389083,16003.67108,2.258490311665,0.04366884471,16079.0932511563,0.000470921985815603,1
3,87,8.56072475304,6.87246202442,0.03625754766,34.184511286,77.3809617636679,8.2999689982,7.8173143171,0.103932363,3.3832613344011,1.35672151210146,5100.568897,0.332417624662,0.0210249944,5115.75431329732,0.000235460992907801,1
3,88,74.0800486590505,45.229219412296,1.99849813548,5102.2908106742,821.049788631533,595.065495468537,549.898846188255,4.14062047,11.418304912241,164.328949232944,128233.96902,32.907506384271,7.2193522918,131073.405144739,0.00376737588652482,1
3,89,0.225276327764,0.106058899675,0.032112889284,55.029470544,3.3421244254,5.8626114496,5.4505068101,0.2566579215,0.013146056917,1.73327771179747,1901.5442088,0.13358978706,0.01765390884,1909.96300868028,0,1
3,90,0,0,0,0,0,0,0,0,0,0,0,0,0,0,0,1
3,91,0,0,0,0,2.7901743833,175.999033234212,175.999033234212,0,0,16.8760173719448,0,0,0,0,0,1
3,92,5.50552560782823,1.32132614587877,0,0,0,0,0,0,0.00136087170510387,0.0410599501941198,0,0,0,0,0,1
4,1,344.872457457819,116.690848854129,19.0201402907163,1313.08573790556,829.401905995031,2669.55156858378,2506.38331116233,8.63997583759144,34.7001914452255,90.7142300562819,698688.170822727,13.259117176034,48.2868145325613,711870.635954785,0.0084,1
4,2,15.9878514434814,11.4175708837112,1.42322868131265,162.474752900478,132.159483831532,115.687754168144,102.057679627805,4.29356565120742,4.32513992847568,3.98193956720197,260324.238603237,4.58871853281478,34.4429282561379,269580.126698833,0.00000714,1
4,3,143.66140472286,49.0226797958079,5.9615012786838,595.561689668987,316.834383070093,992.942950315956,939.507085527989,3.4228844790672,5.16442312180721,133.08682683552,437671.639557521,7.95914315696882,76.294665312434,458112.581873711,0,1
4,4,1.45824446664,1.06732812264,0.0741409208542351,8.78214529228542,4.44436929992,2.034214349016,1.99592154842384,0.04084769151,0.0576559091449825,0.61376215471895,2391.8624749813,0.0396360248532855,1.62781059746528,2824.34209200549,0,1
4,5,3.95788451647407,3.06360640476384,0.940741516022464,12.9834575978145,32.3762951151882,29.5719804125943,6.05243277214498,0.198190642130041,0.522636510805849,12.8382375653229,52714.231375026,0.924923977097904,32.4813196073702,61347.6789423379,0,1
4,6,1.04026415154688,1.03162415154688,0.669384557310384,86.96248890852,33.6718878056,13.70888420428,13.7055732968505,0.34113101947,0.30625858823409,2.02751423854527,124562.505991736,2.38202198394511,1.30171973119451,124974.158336053,0,1
4,7,35.0356690573093,24.5210863926748,0.349425497493233,11.2838681251765,11.7832957327059,266.037922161701,246.794429902047,0.105996924883706,1.17094135560338,166.727169038628,18255.7997207935,0.30864980507343,1.61744081774471,18693.0637320379,0,1
4,8,378.056347501463,305.594107026567,7.38767007342048,550.203320043788,976.779591271754,1524.04569002583,1378.76553739917,17.9274859035348,23.8816676261597,264.025812771733,720676.13353722,13.4110369468184,37.9148388564691,731099.074868695,0,1
4,9,11.6557721595506,10.9180140811046,0.959986568353434,37.9359302381717,37.7781368444994,4825.37525898934,4687.10256312952,0.22956471679855,2.3033153663193,2712.54170960033,26949.130525356,0.465083097373857,33.1659343203654,36047.4774469793,0.0756,1
4,10,9.68708515492144,6.61835558809694,5.30953742182257,400.485978032882,102.764203917394,28.718971248836,28.1874851037634,1.52485461300739,0.894430288961207,4.65758155293451,320986.28827544,6.05111846641135,2.76327045528683,321887.98626315,0,1
4,11,185.837552222339,106.406931482961,45.4492283685046,573.132474844028,541.22411616525,4391.46702620978,4297.03175836597,12.9270728737972,14.829050773454,1161.07530400145,791477.093947727,14.5703929804508,47.4384203348716,804456.246339921,0,1
4,12,122.352113085865,102.340024926505,7.06421461471789,762.669764144731,622.595200668533,2882.40585223523,2513.95437911748,15.7643819780663,16.1020447167432,2358.35686392859,405683.853823282,7.67018662568353,43.1705440193937,417338.81321394,0,1
4,13,592.612900807333,426.368985502829,513.917457732976,521.03619135671,2140.22079063062,506.459939678203,428.659833267251,9.52657102381071,27.3722325452279,362.741700866351,1714407.28069232,9.11350512741713,32.1635966262474,1723185.81194184,0,1
4,14,194.671571751552,132.679209962,109.113148293677,1455.95623093997,172.153462022368,365.460080084459,357.642019756437,4.02182692125684,4.35135369766217,261.11221355008,170830.186306991,3.09419378653333,3.95460752603654,171964.794727413,0,1
4,15,70.3966167512518,54.8324024312946,52.3792882666164,1188.99580636416,538.004225139601,1417.98903911764,1323.84909062317,6.40784051113081,6.4166907976671,1085.15643740983,778717.667273487,14.4334358714982,64.7493470084224,796280.38043512,0,1
4,16,0.490759124214786,0.448053740614786,1.16048607945238,6.2054834968532,5.29324485304,4.5172098978799,4.17956808995173,0.1671328058208,0.130635644861804,0.654296672726216,6576.68140360457,0.504823570463293,0.0796702509142373,6611.92908006982,0,1
4,17,0.0165061610262407,0.013230965824,0.00147825772962046,0.439149595421473,0.696925521287394,724.015162501411,723.990339424091,0.001033223168,0.00633082992922737,692.379583315824,673.259132641642,0.0106881996242973,0.151953149925425,713.825986961361,0,1
4,18,39.6297022564499,33.1282388212602,0.793834134241905,74.0158427293164,45.6229199805515,527.294168111422,512.053740322979,0.541270707172362,0.874901714273162,378.318737172454,31116.9914205251,0.540433753699457,13.2492950272422,34643.1867478479,0,1
4,19,167.27838707325,148.999743109875,9.73891978462712,135.896460134668,85.1978549928856,2767.15108172837,2676.9991132652,1.43381568358734,2.99787546226097,1476.17973252123,66000.2399667265,1.25487281404061,1.68128499061478,66480.9169280326,0,1
4,20,9.12735894716416,8.48915594378658,0.0925271439769371,10.8593335971733,14.26256679325,293.406152917728,288.718713478677,0.06431250823,0.395821869999712,192.498474564807,10580.3252759824,0.167281213436131,14.7452980474527,14492.5131325335,0,1
4,21,24.8059843652224,20.4947474936707,0.819065865483765,11.1058961810884,11.9101126609944,896.768363556787,806.964598767295,0.1315413961309,0.609046125376719,211.58178319621,13369.8374293022,0.238960358146492,10.9083551194689,16267.2424259896,0,1
4,22,588.3035,588.2908125,13.2065,1508.2771,5527.42406,262.5882,121.0579,32.5237,225.903247877727,39.39600225,2276222.9559,106.2447,51.2373,2292775.692,0,1
4,23,4.58064283460152,2.58814394904029,0.0128578815060668,0.151598457290447,0.754402456,0.3641635106768,0.34993537084039,0.01512601824,0.0853931077420887,0.0948580567070287,689.811539364655,0.0212461495870278,0.620169844043439,854.751440224603,0,1
4,24,110.031520703149,100.707237058594,81.8062395340523,421.380047039247,419.897570207912,1842.85579100168,1794.62834375128,5.69167933609693,39.7401861444956,1121.53729432467,462279.69994758,31.5372504526071,5.42112076058348,464684.888529887,0.048339068,1
4,25,0.0014,0.0004,0.0081,0.0071,0.0285,369.452720663297,369.418183370804,0.0011,0.00006,150.179097366343,31.7526,0.0001,0.0004,31.8614,0,1
4,26,0,0,0,0,0,21211.2823952586,19514.3798036379,0,0,10571.7031457969,0,44365.5285060915,210.992356913675,1298147.77275269,0,1
4,27,2162.15384248369,2050.13996911736,128.133748069835,21705.85692303,768.802488419009,7109.37287790672,5751.15514836647,195.019564562289,153.760497683802,4418.84979274914,410540.528815751,1017.38195967449,0,439027.223686637,0,1
4,28,0,0,0,75.323161237771,0,221239.722476811,5280.86767947686,0,0,1482.45438603323,0,215651.288395118,0,6038236.07506332,0,1
4,29,0,0,0,0,0,0,0,0,0,0,0,6331.84,0,177291.52,0,1
4,30,0,0,0,514.815280077522,0,2265.10609745295,2265.10609745295,606.746580091365,0,0,0,3691.0416955558,303.373290045682,183743.089337668,0,1
4,31,0,0,0,0,0,3134.03176476,2883.3092235792,0,0,1562.00143155638,0,23777.4473340719,0,665768.525354014,0,1
4,32,33.4841115581361,28.7100797186656,1.33230252221355,466.749807548918,497.906084299245,5.62590061222,3.50151259064901,0.189263660103597,2.40687287011971,2.47632967976074,683595.579543288,80.7350314722119,1.20569463242807,686175.669502104,0,1
4,33,0.641008188966692,0.641008188966692,0.013696498396421,6.8421388259163,11.9259428416538,0,0,0,0.0474346059835352,0,17629.6861270105,1.3969640354208,0.027939280708416,17676.20502939,0,1
4,34,612.506196555883,590.910731267712,696.90882220949,10830.1113807788,2182.00426314874,1560.89095543226,1480.72080934656,2.11308477701272,106.609692558623,487.665558644456,3828194.85740782,737.131028868521,11.2897974356929,3851826.3225366,0,1
4,35,130.119049101521,130.119049101521,9.65402722225623,1434.0909277859,1770.60552558899,172.782514539158,86.391257269579,7.6966756476534,8.7931705631959,58.5219167513065,2394215.18081136,42.0934163189028,4.20934163189028,2396509.27200074,0,1
4,36,0,0,0,0,0,10533.9568900242,10500.7840159455,0,0,3179.14077245152,0,0.456173966148682,0,12.7728710521631,0,1
4,37,0,0,0,0,0,8227.52140519249,5629.35675092118,0,0,3467.07752014812,0,0,0,0,0,1
4,38,0,0,0,0,0,204.703174503682,204.703174503682,0,0,90.1581691530366,0,0,0,0,0,1
4,39,0,0,0,0,0,16214.6217684526,16214.6217684526,0,0,2383.54939996253,0,0,0,0,0,1
4,40,0,0,0,0,0,1032.59080726681,754.8,0,0,227.214295767527,0,0,0,0,0,1
4,41,0,0,0,0,0,31893.1834737281,19135.9100842369,0,0,19327.2691850792,0,0,0,0,0,1
4,42,0,0,0,0,0,1275.18207660797,1259.87989168867,0,0,126.243025584189,0,0,0,0,0,1
4,43,0,0,0,0,0,2676.62184113465,1910.75755736615,0,0,685.21519133047,0,0,0,0,0,1
4,44,0,0,0,0,0,25332.1053791453,17537.6114163314,0,0,10692.6816805372,0,0,0,0,0,1
4,45,0,0,0,0,0,25620.1627647276,17677.912307662,0,0,2095.72931415471,0,0,0,0,0,1
4,46,0,0,0,0,0,27043.5051405457,18660.0185469766,0,0,2187.81956587015,0,0,0,0,0,1
4,47,0,0,0,0,0,866.054884757105,649.541163567828,0,0,114.232639299462,0,0,0,0,0,1
4,48,0,0,0,0,0,19053.2074646563,13207.3369925458,0,0,7335.48487389267,0,0,0,0,0,1
4,49,0,0,0,0,0,9396.15558252122,9086.3221913686,0,0,5059.51699165686,0,0,0,0,0,1
4,50,0,0,0,0,0,2129.3488893391,2115.79746310026,0,0,1195.84233625284,0,0,0,0,0,1
4,51,0,0,0,0,0,6393.55230317532,6316.82967553722,0,0,4440.59596002712,0,0,0,0,0,1
4,52,20.7971964919072,20.2989303259553,0.348120441017328,121.1265290188,580.950258048661,33.0819602316663,32.1556653451796,0,8.72854004016077,0.351303938223729,50756.0337746316,2.84261187806641,19.590048123542,56026.9896599561,0,1
4,53,121.411951994606,117.584072746104,0.984786876261569,777.122306330202,1459.61505840301,179.112813480386,161.903952030291,0,60.8840029615536,371.624696544799,196954.954752844,14.5357411838765,0.219617899399837,197420.154249333,0,1
4,54,30.28699056,30.15370387152,331.638586194667,32308.86,3775.89879039607,1811.498125,1736.424,0,4.523055580728,616.714875582183,876540.260181298,35.1861114112796,63.5257478097602,894359.794470401,0,1
4,55,18.5598142986549,17.0749759204594,0.1452163720478,73.00920968751,143.343973883354,37.360270200345,30.65198832387,0.858753235,3.92521821424105,6.47173164948721,17809.65953446,6.07619529165046,0.002876292211,17980.5552200621,0,1
4,56,0,0,0,0,0,8.37321162545441,8.37321162545441,0,0,5.00801787318428,0,0,0,0,0,1
4,57,0,0,0,0,0,2833.68715163038,2833.68715163038,0,0,1151.8666610094,0,0,0,0,0,1
4,58,0,0,0,0,0,4746.00862892883,4670.07249086597,0,0,0,0,0.228777317812198,0,6.40576489874154,0,1
4,59,0,0,0,0,0,78825.804185658,77564.5913186875,0,0,0,0,3.79973098785843,0,106.392467660036,0,1
4,60,978.470428274035,877.091807329883,0,0,0,0,0,0,5.57086048379365,9.76999890299665,0,0,0,0,0,1
4,61,0,0,0,0,0,0,0,5487.52333663741,0,0,0,0,474.676216446077,125789.197358211,0,1
4,62,0,0,0,0,0,165.612929476187,165.612929476187,0,0,69.9052175318986,0,0,0,0,0,1
4,63,2722.22339420626,604.938532045836,0,0,0,0,0,0,4.66891559032976,37.359097442881,0,0,0,0,0,1
4,64,32.5973588739627,31.1647611110867,1.09739632721727,212.66624526501,538.693814237051,27.3232597880879,19.7273935669995,0,5.04233368872939,16.075146897574,0,11.6801066670134,0,327.042986676376,0,1
4,65,152.6681304,17.4278687671233,0,0,0,0,0,0,0.898528630026575,2.77147428287207,0,0,0,0,0,1
4,66,0,0,0,0,0,0,0,6887.6340880247,0,0,0,0,0,0,0,1
4,67,0,0,0,0,0,0,0,0,0,0,0,18251.529518,0,511042.826504,0,1
4,68,0,0,0,0,0,0,0,0,0,0,0,596.513352561184,27.3146628312235,23940.7595219874,0,1
4,69,341.607512292195,147.878308076082,26.1270497602822,2148.92249950695,446.728933846011,40.5558092974598,40.5558092974598,0,9.63398494622776,35.5110307526343,51355.4415877195,91.7061456923563,0.458530728461781,54044.7243101479,0,1
4,70,84.9733416,44.0602512,0,0,0,0,0,32370.7132674784,0,0,524567.129137022,0,0,524567.129137022,0,1
4,71,0,0,0,0,0,23.44304,23.44304,0,0,20.6298752,0,0,0,0,0,1
4,72,27.3365141758316,25.4229581835234,0,433.912923425898,10.331260081569,35.9011287834523,28.3570805773211,0,7.62688745505701,36.4478590669689,0,0,0,0,0,1
4,73,109.375578944092,92.7431497259,9.4304394535,1047.105365958,29.256971817,92.7075917763865,45.1903251907865,8.8721392236956,6.6775067802648,4.98356814355447,16890.955649841,47.5172665856,2.2268342909,18811.5502013263,0,1
4,74,176.35712394714,146.866009703876,9.10562418623966,21.7447741760947,5.0284790282219,2.44628709481066,2.44628709481066,0,0.754271854233286,73.0869317654789,12534.56613621,35.907105107655,0.2866402764,13615.9247524703,0,1
4,75,0,0,0,0,0,0,0,0,0,0,0,0,0,1406.592,0.7992,1
4,76,0,0,0,0,0,2502.74459525865,2502.74459525865,0,0,35.0384243336211,0,0,0,0,0,1
4,77,10.7694587174722,9.12665993006115,0.915027017160971,99.3407084261883,2.9811476934053,7.22815692526758,2.30488090271719,0.725187171511175,0.657119514964403,4.43668834249863,1788.49057900842,4.92327602255039,2.81014766518238,2671.03143891316,0,1
4,35,5918.5211477844,1456.55132089017,0,0,0,0,0,0,0,129.796108330291,0,0,0,0,0,1
4,79,8174.39409983203,816.161952115358,0,0,0,0,0,0,0,190.24173385939,0,0,0,0,0,1
4,80,2902.43510380026,976.628779290755,199.900936449327,206971.903856605,31889.8709573238,34217.6665810535,33010.1761629803,768.818568326823,158.069791660513,10734.3082611499,11853602.9331611,721.30558290041,450.781326825982,12129722.1860557,104.973573049645,1
4,81,656.623650375812,216.033316377999,59.2927568037009,62001.668289535,11655.0411877251,9613.21131638202,9211.81316568584,177.814235855506,45.0582037960527,2964.68265118191,3542674.96321613,258.420229054197,227.823454347842,3640599.55964175,23.3197035460993,1
4,82,891.568237968109,228.925764324518,61.2571616387557,106127.042901597,8464.32307418482,1819.1875943839,1304.06375870555,243.414231755185,19.4200967417867,360.828431583876,3617205.67739692,396.432889260484,30.2077273943993,3640556.74931814,3.26607943262411,1
4,83,338.533124192785,139.089628010299,24.59846323134,20093.2367428164,2856.99256631859,2488.22874576687,2324.10309201211,73.725078192343,38.930604659092,758.529928770201,1534250.444037,128.521569561822,46.12891885802,1550687.85885799,0.472805673758865,1
4,84,160.38617361591,97.22369204664,67.918286018,38803.599895144,6552.49021132288,7932.51591184329,7199.268524378,118.015401369024,14.16924949842,396.743680894176,1264430.2385,212.66344793752,89.694020399,1294178.0653416,0.0187191489361702,1
4,85,596.757941230126,275.013412492372,40.4203600007686,55601.2059852034,8646.55241188212,7612.90832761952,7221.35916453924,119.586567290578,80.3097421103909,2317.46259450754,2536894.53212716,276.539425991139,207.523612595503,2612839.57778988,10.1601418439716,1
4,86,2064.30733469549,1372.19952027174,14.961123570237,7540.7643804253,13942.0608839556,1584.3032600077,1122.1913121804,29.9987815824,704.933868036855,287.209988191831,2176374.029736,437.03108706873,5.91664689689,2190838.76167252,0.50765390070922,1
4,87,1815.3116292916,1288.39286849529,15.610203598175,13731.7719322652,14045.1923564167,2575.03313689612,2143.87068058041,38.5900122084018,590.015173168717,484.997696476424,1880258.063455,374.963522578965,13.64377031757,1895176.45795896,0.618320567375887,1
4,88,1307.23431659757,714.100675337706,36.099236453644,50092.1050972972,12114.7706572862,5818.65065755345,4976.44098112428,75.149428302241,212.160392517875,1457.88703522858,2663324.618323,681.187843833932,92.1627511034,2708213.91181545,1.07146524822695,1
4,89,337.535604497764,159.372321722675,47.943544806484,85328.933447544,4826.8174980854,9144.9696362496,8513.0425827101,376.6221068715,19.777466912317,2702.21705008598,2838965.7794988,198.73679136106,26.66395226884,2851596.35700815,0,1
4,90,51.82664821,30.489046323,0.378296295,141.7131031,281.08355609,45.7999116,24.9545864,1.24367946,13.73117388,8.85816366746498,56270.797,20.193013218,0.253725179,56920.7331524681,0.0133035460992908,1
4,91,0,0,0,0,504.866065860924,44911.5656554593,44911.5656554593,0,0,4003.85697628247,0,0,0,0,0,1
4,92,1930.1379493849,424.508312033298,0,0,0,0,0,0,0.437213289261984,14.3948777491542,0,0,0,0,0,1
